Name,Days,Best,Worst,Avg,Median,StdDev,DaysFirst,DaysTop3,DaysTop5,LeadDays,SoloLeadDays,LongestFirstStreak,LongestTop3Streak
Connor,186,-11,-1,-7.311827956989247,-7.0,1.883593537778916,2,11,24,2,1,1,8
Anthony,186,-13,-5,-11.817204301075268,-12.0,1.4733929576740334,0,0,1,0,0,0,0
Jake,186,-8,-1,-4.82258064516129,-5.0,1.401123131078277,14,22,139,14,13,11,22
Ed/Blake ,186,-13,-4,-11.887096774193548,-12.0,1.6108320034450914,0,0,4,0,0,0,0
Bob,186,-13,-4,-7.370967741935484,-8.0,1.5439845565248942,0,0,28,0,0,0,0
Ryan,186,-13,-4,-8.870967741935484,-9.0,1.9076856803135562,0,0,1,0,0,0,0
Nathan,186,-8,-1,-2.693548387096774,-2.0,1.2215191010890314,20,146,178,20,18,9,89
Scott,186,-13,-4,-7.241935483870968,-7.0,1.9812466250787804,0,0,34,0,0,0,0
Tom,186,-11,-3,-8.78494623655914,-9.0,1.7465755272470498,0,2,13,0,0,0,2
Holden,186,-8,-1,-1.3978494623655915,-1.0,1.0435648677741116,147,179,182,148,145,68,168
Jonathon,186,-10,-1,-3.596774193548387,-3.0,1.8704810267928653,4,130,159,4,4,4,68
Youngkin,186,-10,-1,-3.6666666666666665,-4.0,1.2429009885680808,1,68,176,2,1,1,48
Jackson,186,-13,-8,-11.13978494623656,-11.0,1.253737619387728,0,0,0,0,0,0,0
